metric,value,unit,status
S0_svat_count,552834,SVAT,reconstructed
S1_svat_count,427656,SVAT,reconstructed
S0_to_S1_removed,125178,SVAT,reconstructed
S1_selected_area,25511.141709,km2,reconstructed_current_table
Flevoland_kwel_changed_svat,4677,SVAT,diagnostic
Flevoland_kwel_changed_area,268.034303,km2,diagnostic
Flevoland_kwel_changed_area_share,1.05065585,percent,diagnostic
kwel_org_weighted_mean,116.930374,mm_per_year,diagnostic
kwel_corrected_weighted_mean,108.672807,mm_per_year,diagnostic
kwel_weighted_delta,-8.257568,mm_per_year,diagnostic
kwel_relative_delta,-7.061953,percent,diagnostic
kwel_volume_delta,-210.659975,million_m3_per_year,diagnostic
qualified_unique_svat,20934,SVAT,reconstructed
qualified_unique_area,1226.644147,km2,reconstructed
ghg_sel_count,2243,SVAT,reconstructed
gt1_sel_count,1803,SVAT,reconstructed
gt2_sel_count,2069,SVAT,reconstructed
gt8_sel_count,3629,SVAT,reconstructed
kwel_sel_count,8622,SVAT,reconstructed
wegzijging_sel_count,3934,SVAT,reconstructed
runoff_sel_count,2280,SVAT,reconstructed
subinfil_sel_count,979,SVAT,reconstructed
donor_changed_total,57880,SVAT,reconstructed
donor_changed_flagged,20934,SVAT,reconstructed
donor_changed_unflagged,36946,SVAT,reconstructed
HRU_count,10242,HRU,reconstructed
NRU_count,25054,NRU,reconstructed
