transition,effect,metric,value,unit,status
S0_S1,domain_selection,svat_before,552834,SVAT,reconstructed
S0_S1,domain_selection,svat_after,427656,SVAT,reconstructed
S0_S1,domain_selection,svat_removed,125178,SVAT,reconstructed
S1_S2,flevoland_kwel,changed_svat,4677,SVAT,diagnostic
S1_S2,flevoland_kwel,changed_area,268.034303,km2,diagnostic
S1_S2,flevoland_kwel,weighted_mean_before,116.930374,mm_per_year,diagnostic
S1_S2,flevoland_kwel,weighted_mean_after,108.672807,mm_per_year,diagnostic
S1_S2,flevoland_kwel,weighted_mean_delta,-8.257568,mm_per_year,diagnostic
S1_S2,flevoland_kwel,volume_delta,-210.659975,million_m3_per_year,diagnostic
S2_S3,qualification,unique_flagged,20934,SVAT,reconstructed
S2_S3,qualification,flagged_area,1226.644147,km2,reconstructed
S3_S4,donor_layer,donor_changed_total,57880,SVAT,reconstructed
S3_S4,donor_layer,donor_changed_flagged,20934,SVAT,reconstructed
S3_S4,donor_layer,donor_changed_unflagged,36946,SVAT,reconstructed
S4,hru_representation,hru_count,10242,HRU,reconstructed
S4,hru_representation,nru_count,25054,NRU,reconstructed
S3_S4,hru_backprojection,GHG_effect,,mm_or_cm_PENDING,pending_execution
S3_S4,hru_backprojection,NettoKwel_effect,,mm_per_year_PENDING,pending_execution
