run_id,system,members,infil_avg,DRARES_oracle,DRARES_candidate,INFRES_oracle,INFRES_candidate,ZBOTDR_oracle,ZBOTDR_candidate,SWALLO_oracle,SWALLO_candidate,level_difference_count
7866,1,42,4.792557422869971,4832.0,2240.0,14642.0,6788.0,-166.26,-197.0,MATCH,MATCH,103
7866,2,42,4.792557422869971,1379.0,847.0,4345.0,2626.0,-161.97,-147.14,MATCH,MATCH,103
7866,3,42,4.792557422869971,MATCH,MATCH,MATCH,MATCH,MATCH,MATCH,MATCH,MATCH,0
7866,4,42,4.792557422869971,178.0,121.0,MATCH,MATCH,-105.05,-113.4,MATCH,MATCH,103
7866,5,42,4.792557422869971,48.0,31.0,MATCH,MATCH,-12.41,-15.0,MATCH,MATCH,103
7867,1,54,0.7749234019537214,16174.0,16583.0,49011.0,50252.0,-168.4,-177.72,MATCH,MATCH,103
7867,2,54,0.7749234019537214,1406.0,1442.0,4261.0,4369.0,-161.05,-146.96,MATCH,MATCH,103
7867,3,54,0.7749234019537214,15073.0,15455.0,45677.0,46834.0,-60.52,-122.94,MATCH,MATCH,103
7867,4,54,0.7749234019537214,92.0,95.0,MATCH,MATCH,-100.05,-104.49,MATCH,MATCH,103
7867,5,54,0.7749234019537214,29.0,30.0,MATCH,MATCH,-13.58,-15.0,MATCH,MATCH,103
7868,1,50,14.11452596910036,6184.0,6551.0,18739.0,19851.0,-167.15,-160.05,MATCH,MATCH,103
7868,2,50,14.11452596910036,1203.0,1264.0,3647.0,3831.0,-135.34,-124.15,MATCH,MATCH,103
7868,3,50,14.11452596910036,MATCH,MATCH,MATCH,MATCH,MATCH,MATCH,MATCH,MATCH,0
7868,4,50,14.11452596910036,99.0,104.0,MATCH,MATCH,-89.74,-92.9,MATCH,MATCH,103
7868,5,50,14.11452596910036,33.0,35.0,MATCH,MATCH,-13.52,-15.0,MATCH,MATCH,103
7869,1,25,0.5760827203840018,5032.0,5209.0,15249.0,15784.0,-190.42,-203.54,MATCH,MATCH,103
7869,2,25,0.5760827203840018,1235.0,1279.0,3744.0,3875.0,-164.41,-157.5,MATCH,MATCH,103
7869,3,25,0.5760827203840018,MATCH,MATCH,MATCH,MATCH,MATCH,MATCH,MATCH,MATCH,0
7869,4,25,0.5760827203840018,107.0,110.0,MATCH,MATCH,-103.41,-102.07,MATCH,MATCH,103
7869,5,25,0.5760827203840018,29.0,30.0,MATCH,MATCH,-16.86,-15.0,MATCH,MATCH,103
7870,1,83,25.65883045104972,6445.0,6749.0,19531.0,20451.0,-129.94,-154.58,1,3,103
7870,2,83,25.65883045104972,1212.0,1269.0,3674.0,3847.0,-156.28,-147.98,MATCH,MATCH,103
7870,3,83,25.65883045104972,MATCH,MATCH,MATCH,MATCH,MATCH,MATCH,MATCH,MATCH,0
7870,4,83,25.65883045104972,127.0,1.0,MATCH,MATCH,-97.06,-0.0,MATCH,MATCH,103
7870,5,83,25.65883045104972,34.0,36.0,MATCH,MATCH,-13.38,-14.95,MATCH,MATCH,103
7871,1,32,23.586586210876703,7114.0,7458.0,21557.0,22599.0,-177.16,-195.4,MATCH,MATCH,103
7871,2,32,23.586586210876703,714.0,748.0,2194.0,2301.0,-210.65,-165.31,MATCH,MATCH,103
7871,3,32,23.586586210876703,MATCH,MATCH,MATCH,MATCH,MATCH,MATCH,MATCH,MATCH,0
7871,4,32,23.586586210876703,111.0,116.0,MATCH,MATCH,-110.99,-111.91,MATCH,MATCH,103
7871,5,32,23.586586210876703,29.0,30.0,MATCH,MATCH,-14.65,-15.0,MATCH,MATCH,103
7872,1,47,6.867415902217196,7753.0,8026.0,23495.0,24321.0,-199.58,-213.69,MATCH,MATCH,103
7872,2,47,6.867415902217196,2004.0,2074.0,6072.0,6285.0,-182.86,-167.4,MATCH,MATCH,103
7872,3,47,6.867415902217196,MATCH,MATCH,MATCH,MATCH,MATCH,MATCH,MATCH,MATCH,0
7872,4,47,6.867415902217196,100.0,103.0,MATCH,MATCH,-120.19,-120.42,MATCH,MATCH,103
7872,5,47,6.867415902217196,31.0,32.0,MATCH,MATCH,-16.28,-15.0,MATCH,MATCH,103
7873,1,51,8.643021783815486,6892.0,7185.0,20884.0,21773.0,-181.06,-195.91,MATCH,MATCH,103
7873,2,51,8.643021783815486,1786.0,1862.0,5413.0,5643.0,-172.14,-160.52,MATCH,MATCH,103
7873,3,51,8.643021783815486,MATCH,MATCH,MATCH,MATCH,MATCH,MATCH,MATCH,MATCH,0
7873,4,51,8.643021783815486,99.0,103.0,MATCH,MATCH,-115.59,-115.78,MATCH,MATCH,103
7873,5,51,8.643021783815486,30.0,31.0,MATCH,MATCH,-16.01,-15.0,MATCH,MATCH,103
7874,1,23,21.35669526716937,660.0,2759.0,3802.0,8361.0,-155.56,-153.75,MATCH,MATCH,103
7874,2,23,21.35669526716937,437.0,367.0,1324.0,1112.0,-111.54,-108.05,MATCH,MATCH,103
7874,3,23,21.35669526716937,588.0,519.0,3991.0,4068.0,-63.04,-82.14,MATCH,MATCH,103
7874,4,23,21.35669526716937,1618.0,1.0,MATCH,MATCH,-85.29,-0.0,MATCH,MATCH,103
7874,5,23,21.35669526716937,34.0,30.0,MATCH,MATCH,-18.91,-22.83,MATCH,MATCH,103
7875,1,45,5.046927456392182,1806.0,301.0,5473.0,914.0,-125.24,-151.71,MATCH,MATCH,103
7875,2,45,5.046927456392182,621.0,227.0,1882.0,698.0,-125.82,-120.7,MATCH,MATCH,103
7875,3,45,5.046927456392182,1924.0,444.0,10715.0,4801.0,-56.35,-87.14,MATCH,MATCH,103
7875,4,45,5.046927456392182,1229.0,1.0,MATCH,MATCH,-72.36,-0.0,MATCH,MATCH,103
7875,5,45,5.046927456392182,94.0,30.0,MATCH,MATCH,-19.62,-24.81,MATCH,MATCH,103
7876,1,57,12.657339804528052,1483.0,1503.0,4607.0,4670.0,-114.35,-131.44,MATCH,MATCH,103
7876,2,57,12.657339804528052,609.0,617.0,1899.0,1925.0,-122.25,-111.96,MATCH,MATCH,103
7876,3,57,12.657339804528052,414.0,419.0,3399.0,3446.0,-57.28,-73.54,MATCH,MATCH,103
7876,4,57,12.657339804528052,463.0,1.0,MATCH,MATCH,-72.07,-0.0,MATCH,MATCH,103
7876,5,57,12.657339804528052,MATCH,MATCH,MATCH,MATCH,-18.71,-23.71,MATCH,MATCH,103
7877,1,28,20.983007919508964,3529.0,3595.0,10693.0,10892.0,-154.83,-171.99,MATCH,MATCH,103
7877,2,28,20.983007919508964,418.0,426.0,1267.0,1291.0,-122.77,-112.78,MATCH,MATCH,103
7877,3,28,20.983007919508964,432.0,440.0,7730.0,7875.0,-60.58,-75.66,MATCH,MATCH,103
7877,4,28,20.983007919508964,361.0,1.0,MATCH,MATCH,-55.19,-0.0,MATCH,MATCH,103
7877,5,28,20.983007919508964,29.0,30.0,MATCH,MATCH,-14.71,-20.78,MATCH,MATCH,103
7909,1,45,6.491621231096279,394.0,233.0,1213.0,713.0,-170.21,-215.69,MATCH,MATCH,103
7909,2,45,6.491621231096279,577.0,332.0,1795.0,1052.0,-150.76,-182.41,MATCH,MATCH,103
7909,3,45,6.491621231096279,1454.0,543.0,16527.0,6979.0,-63.78,-109.2,MATCH,MATCH,103
7909,4,45,6.491621231096279,MATCH,MATCH,MATCH,MATCH,MATCH,MATCH,MATCH,MATCH,0
7909,5,45,6.491621231096279,54.0,30.0,MATCH,MATCH,-21.65,-23.53,MATCH,MATCH,103
7910,1,40,18.994678731061867,326.0,403.0,1000.0,1236.0,-103.26,-155.03,MATCH,MATCH,103
7910,2,40,18.994678731061867,485.0,538.0,1600.0,1772.0,-133.08,-154.62,MATCH,MATCH,103
7910,3,40,18.994678731061867,334.0,370.0,3373.0,3736.0,-70.83,-106.66,MATCH,MATCH,103
7910,4,40,18.994678731061867,MATCH,MATCH,MATCH,MATCH,MATCH,MATCH,MATCH,MATCH,0
7910,5,40,18.994678731061867,27.0,30.0,MATCH,MATCH,-18.9,-24.25,MATCH,MATCH,103
7911,1,53,9.583610958766789,669.0,659.0,2150.0,2137.0,-166.53,-203.07,MATCH,MATCH,103
7911,2,53,9.583610958766789,470.0,414.0,1618.0,1437.0,-144.75,-173.98,MATCH,MATCH,103
7911,3,53,9.583610958766789,435.0,431.0,5745.0,6381.0,-81.85,-113.31,MATCH,MATCH,103
7911,4,53,9.583610958766789,MATCH,MATCH,MATCH,MATCH,MATCH,MATCH,MATCH,MATCH,0
7911,5,53,9.583610958766789,33.0,30.0,MATCH,MATCH,-22.47,-23.59,MATCH,MATCH,103
7912,1,31,47.84530290480583,1055.0,1118.0,3196.0,3389.0,-70.24,-106.14,MATCH,MATCH,103
7912,2,31,47.84530290480583,398.0,422.0,1206.0,1279.0,-96.72,-102.17,MATCH,MATCH,103
7912,3,31,47.84530290480583,2408.0,2553.0,7297.0,7737.0,-28.22,-71.28,MATCH,MATCH,103
7912,4,31,47.84530290480583,173.0,1.0,MATCH,MATCH,-73.36,-0.0,MATCH,MATCH,103
7912,5,31,47.84530290480583,28.0,32.0,MATCH,MATCH,-9.57,-15.4,MATCH,MATCH,103
7913,1,33,0.9035906270428589,2903.0,3228.0,8796.0,9782.0,-143.09,-149.86,MATCH,MATCH,103
7913,2,33,0.9035906270428589,301.0,276.0,913.0,837.0,-147.66,-148.59,MATCH,MATCH,103
7913,3,33,0.9035906270428589,5525.0,5904.0,16743.0,17891.0,-63.14,-115.18,MATCH,MATCH,103
7913,4,33,0.9035906270428589,156.0,1.0,MATCH,MATCH,-89.42,-0.0,MATCH,MATCH,103
7913,5,33,0.9035906270428589,32.0,31.0,MATCH,MATCH,-6.93,-15.0,MATCH,MATCH,103
7914,1,63,7.717150209253536,2775.0,2931.0,8408.0,8882.0,-134.12,-143.82,MATCH,MATCH,103
7914,2,63,7.717150209253536,338.0,357.0,1023.0,1081.0,-133.69,-129.13,MATCH,MATCH,103
7914,3,63,7.717150209253536,6131.0,6477.0,18580.0,19626.0,-69.45,-116.19,MATCH,MATCH,103
7914,4,63,7.717150209253536,177.0,1.0,MATCH,MATCH,-87.75,-0.0,MATCH,MATCH,103
7914,5,63,7.717150209253536,30.0,32.0,MATCH,MATCH,-10.93,-15.0,MATCH,MATCH,103
7915,1,23,124.66901419473731,6161.0,6319.0,18669.0,19149.0,-91.34,-108.79,MATCH,MATCH,103
7915,2,23,124.66901419473731,102.0,104.0,308.0,316.0,-111.29,-98.4,MATCH,MATCH,103
7915,3,23,124.66901419473731,653.0,670.0,4823.0,4947.0,-64.48,-95.41,MATCH,MATCH,103
7915,4,23,124.66901419473731,567.0,1.0,MATCH,MATCH,-67.88,-0.0,MATCH,MATCH,103
7915,5,23,124.66901419473731,29.0,30.0,MATCH,MATCH,-21.98,-24.39,MATCH,MATCH,103
7916,1,24,24.172893118675955,949.0,482.0,2876.0,1461.0,-123.67,-136.26,MATCH,MATCH,103
7916,2,24,24.172893118675955,109.0,82.0,330.0,249.0,-118.57,-120.66,MATCH,MATCH,103
7916,3,24,24.172893118675955,1069.0,968.0,7322.0,5686.0,-66.39,-106.55,MATCH,MATCH,103
7916,4,24,24.172893118675955,408.0,1.0,MATCH,MATCH,-72.03,-0.0,MATCH,MATCH,103
7916,5,24,24.172893118675955,38.0,30.0,MATCH,MATCH,-20.64,-23.75,MATCH,MATCH,103
7917,1,48,65.93732034376201,1119.0,1157.0,3392.0,3507.0,-101.1,-123.63,MATCH,MATCH,103
7917,2,48,65.93732034376201,118.0,122.0,357.0,369.0,-115.59,-114.65,MATCH,MATCH,103
7917,3,48,65.93732034376201,601.0,622.0,5565.0,5754.0,-67.53,-100.3,MATCH,MATCH,103
7917,4,48,65.93732034376201,305.0,1.0,MATCH,MATCH,-66.8,-0.0,MATCH,MATCH,103
7917,5,48,65.93732034376201,29.0,30.0,MATCH,MATCH,-21.14,-24.58,MATCH,MATCH,103
7918,1,36,40.9232982302395,921.0,631.0,2792.0,1911.0,-124.2,-160.26,MATCH,MATCH,103
7918,2,36,40.9232982302395,304.0,212.0,921.0,644.0,-136.72,-128.44,MATCH,MATCH,103
7918,3,36,40.9232982302395,733.0,523.0,40380.0,41948.0,-74.37,-108.34,MATCH,MATCH,103
7918,4,36,40.9232982302395,401.0,1.0,MATCH,MATCH,-74.6,-0.0,MATCH,MATCH,103
7918,5,36,40.9232982302395,40.0,30.0,MATCH,MATCH,-21.05,-24.17,MATCH,MATCH,103
7919,1,38,23.03356747427269,5270.0,5442.0,15971.0,16491.0,-127.26,-150.28,MATCH,MATCH,103
7919,2,38,23.03356747427269,538.0,556.0,1631.0,1684.0,-126.24,-127.11,MATCH,MATCH,103
7919,3,38,23.03356747427269,542.0,560.0,80119.0,82727.0,-75.67,-102.77,MATCH,MATCH,103
7919,4,38,23.03356747427269,529.0,1.0,MATCH,MATCH,-80.06,-0.0,MATCH,MATCH,103
7919,5,38,23.03356747427269,30.0,31.0,MATCH,MATCH,-21.02,-24.73,MATCH,MATCH,103
7920,1,61,47.674344778549475,16652.0,17805.0,50460.0,53954.0,-68.3,-120.11,MATCH,MATCH,103
7920,2,61,47.674344778549475,319.0,333.0,966.0,1008.0,-129.87,-123.44,MATCH,MATCH,103
7920,3,61,47.674344778549475,579.0,604.0,8185.0,8549.0,-75.04,-98.8,MATCH,MATCH,103
7920,4,61,47.674344778549475,474.0,1.0,MATCH,MATCH,-82.0,-0.0,MATCH,MATCH,103
7920,5,61,47.674344778549475,29.0,31.0,MATCH,MATCH,-20.55,-22.98,MATCH,MATCH,103
7921,1,25,33.2284891623212,934.0,629.0,2830.0,1906.0,-160.1,-179.91,MATCH,MATCH,103
7921,2,25,33.2284891623212,232.0,152.0,702.0,462.0,-144.48,-138.2,MATCH,MATCH,103
7921,3,25,33.2284891623212,1814.0,1263.0,54716.0,42091.0,-75.69,-111.36,MATCH,MATCH,103
7921,4,25,33.2284891623212,474.0,1.0,MATCH,MATCH,-88.6,-0.0,MATCH,MATCH,103
7921,5,25,33.2284891623212,38.0,30.0,MATCH,MATCH,-22.99,-23.71,MATCH,MATCH,103
7922,1,27,50.25542527657968,MATCH,MATCH,MATCH,MATCH,MATCH,MATCH,MATCH,MATCH,0
7922,2,27,50.25542527657968,1012.0,690.0,3068.0,2091.0,-154.75,-122.97,MATCH,MATCH,103
7922,3,27,50.25542527657968,958.0,744.0,70497.0,11102.0,-69.08,-103.85,3,1,103
7922,4,27,50.25542527657968,1243.0,1.0,MATCH,MATCH,-94.77,-0.0,MATCH,MATCH,103
7922,5,27,50.25542527657968,36.0,31.0,MATCH,MATCH,-22.11,-23.85,MATCH,MATCH,103
7923,1,44,42.96727369617756,5069.0,5236.0,15362.0,15867.0,-149.18,-153.14,MATCH,MATCH,103
7923,2,44,42.96727369617756,295.0,305.0,893.0,923.0,-133.84,-120.97,MATCH,MATCH,103
7923,3,44,42.96727369617756,633.0,654.0,15268.0,15771.0,-58.35,-91.05,MATCH,MATCH,103
7923,4,44,42.96727369617756,593.0,1.0,MATCH,MATCH,-77.25,-0.0,MATCH,MATCH,103
7923,5,44,42.96727369617756,30.0,31.0,MATCH,MATCH,-21.89,-23.27,MATCH,MATCH,103
7924,1,25,70.20491618156433,1708.0,852.0,5174.0,2582.0,-144.1,-120.05,MATCH,MATCH,103
7924,2,25,70.20491618156433,463.0,437.0,1402.0,1324.0,-125.91,-104.71,MATCH,MATCH,103
7924,3,25,70.20491618156433,6119.0,5210.0,18543.0,15786.0,-74.13,-80.3,MATCH,MATCH,103
7924,4,25,70.20491618156433,151.0,1.0,MATCH,MATCH,-73.02,-0.0,MATCH,MATCH,103
7924,5,25,70.20491618156433,32.0,33.0,MATCH,MATCH,-12.43,-14.9,MATCH,MATCH,103
7925,1,39,5.008138228488231,4264.0,2011.0,12920.0,6093.0,-139.75,-173.41,MATCH,MATCH,103
7925,2,39,5.008138228488231,393.0,291.0,1192.0,882.0,-143.09,-137.86,MATCH,MATCH,103
7925,3,39,5.008138228488231,7023.0,6500.0,21283.0,19696.0,-76.92,-129.63,MATCH,MATCH,103
7925,4,39,5.008138228488231,188.0,109.0,MATCH,MATCH,-101.43,-105.92,MATCH,MATCH,103
7925,5,39,5.008138228488231,54.0,31.0,MATCH,MATCH,-14.19,-15.79,MATCH,MATCH,103
7926,1,49,5.8084895399456125,2408.0,1679.0,7296.0,5087.0,-141.48,-144.95,MATCH,MATCH,103
7926,2,49,5.8084895399456125,440.0,314.0,1334.0,953.0,-137.29,-125.62,MATCH,MATCH,103
7926,3,49,5.8084895399456125,4494.0,3087.0,13617.0,12036.0,-71.22,-111.47,MATCH,MATCH,103
7926,4,49,5.8084895399456125,140.0,1.0,MATCH,MATCH,-91.24,-0.0,MATCH,MATCH,103
7926,5,49,5.8084895399456125,34.0,31.0,MATCH,MATCH,-11.98,-15.85,MATCH,MATCH,103
7927,1,21,22.879539892787026,2200.0,2389.0,8159.0,8595.0,-144.96,-129.42,MATCH,MATCH,103
7927,2,21,22.879539892787026,363.0,375.0,2193.0,2271.0,-158.79,-110.4,MATCH,MATCH,103
7927,3,21,22.879539892787026,1691.0,1751.0,5940.0,6150.0,-62.37,-103.8,MATCH,MATCH,103
7927,4,21,22.879539892787026,165.0,1.0,MATCH,MATCH,-83.2,-0.0,MATCH,MATCH,103
7927,5,21,22.879539892787026,32.0,33.0,MATCH,MATCH,-16.5,-17.11,MATCH,MATCH,103
7928,1,29,13.832903161516477,462.0,331.0,2073.0,1292.0,-139.27,-143.48,MATCH,MATCH,103
7928,2,29,13.832903161516477,212.0,182.0,958.0,755.0,-175.98,-148.1,MATCH,MATCH,103
7928,3,29,13.832903161516477,1453.0,995.0,5576.0,3498.0,-29.53,-111.06,MATCH,MATCH,103
7928,4,29,13.832903161516477,211.0,1.0,MATCH,MATCH,-97.8,-0.0,MATCH,MATCH,103
7928,5,29,13.832903161516477,38.0,33.0,MATCH,MATCH,-17.35,-20.77,MATCH,MATCH,103
7929,1,48,11.784231182866884,2580.0,2693.0,20010.0,20863.0,-137.39,-157.01,MATCH,MATCH,103
7929,2,48,11.784231182866884,454.0,472.0,2563.0,2663.0,-158.97,-126.48,MATCH,MATCH,103
7929,3,48,11.784231182866884,3802.0,3951.0,19622.0,20391.0,-43.31,-115.69,1,3,103
7929,4,48,11.784231182866884,132.0,137.0,MATCH,MATCH,-81.5,-79.42,MATCH,MATCH,103
7929,5,48,11.784231182866884,31.0,32.0,MATCH,MATCH,-13.77,-16.33,MATCH,MATCH,103
7930,1,53,75.88237707851069,421.0,123.0,2052.0,458.0,-139.65,-186.88,MATCH,MATCH,103
7930,2,53,75.88237707851069,405.0,282.0,1299.0,904.0,-227.48,-181.95,MATCH,MATCH,103
7930,3,53,75.88237707851069,1271.0,568.0,3992.0,1871.0,-71.57,-141.31,MATCH,MATCH,103
7930,4,53,75.88237707851069,425.0,1.0,MATCH,MATCH,-106.77,-0.0,MATCH,MATCH,103
7930,5,53,75.88237707851069,64.0,35.0,MATCH,MATCH,-16.56,-22.78,MATCH,MATCH,103
7931,1,47,14.17699172720313,241.0,205.0,1042.0,814.0,-144.91,-175.35,MATCH,MATCH,103
7931,2,47,14.17699172720313,243.0,245.0,866.0,865.0,-190.28,-165.46,MATCH,MATCH,103
7931,3,47,14.17699172720313,809.0,731.0,3280.0,2820.0,-60.92,-129.66,MATCH,MATCH,103
7931,4,47,14.17699172720313,196.0,1.0,MATCH,MATCH,-101.52,-0.0,MATCH,MATCH,103
7931,5,47,14.17699172720313,MATCH,MATCH,MATCH,MATCH,-20.39,-22.83,MATCH,MATCH,103
7932,1,72,23.51006640550784,659.0,716.0,2099.0,2283.0,-148.13,-153.64,MATCH,MATCH,103
7932,2,72,23.51006640550784,412.0,434.0,1536.0,1622.0,-200.4,-159.56,MATCH,MATCH,103
7932,3,72,23.51006640550784,875.0,923.0,2801.0,2957.0,-55.24,-125.78,MATCH,MATCH,103
7932,4,72,23.51006640550784,154.0,1.0,MATCH,MATCH,-112.55,-0.0,MATCH,MATCH,103
7932,5,72,23.51006640550784,31.0,32.0,MATCH,MATCH,-18.51,-19.48,MATCH,MATCH,103
7933,1,28,22.354226337479695,527.0,247.0,2341.0,869.0,-197.18,-196.51,MATCH,MATCH,103
7933,2,28,22.354226337479695,476.0,254.0,1476.0,780.0,-223.74,-186.4,MATCH,MATCH,103
7933,3,28,22.354226337479695,2751.0,927.0,8336.0,2810.0,-83.53,-137.94,MATCH,MATCH,103
7933,4,28,22.354226337479695,336.0,1.0,MATCH,MATCH,-103.11,-0.0,MATCH,MATCH,103
7933,5,28,22.354226337479695,47.0,30.0,MATCH,MATCH,-24.97,-23.57,MATCH,MATCH,103
7934,1,103,29.43449326141656,1040.0,233.0,3614.0,1630.0,-260.59,-239.26,MATCH,MATCH,103
7934,2,103,29.43449326141656,441.0,460.0,1518.0,1.0,-241.67,-166.13,MATCH,MATCH,103
7934,3,103,29.43449326141656,603.0,581.0,1982.0,2051.0,-70.38,-134.71,MATCH,MATCH,103
7934,4,103,29.43449326141656,288.0,1.0,MATCH,MATCH,-110.01,-0.0,MATCH,MATCH,103
7934,5,103,29.43449326141656,32.0,34.0,MATCH,MATCH,-20.84,-23.21,MATCH,MATCH,103
7935,1,18,5.219557024176336,1406.0,1443.0,4261.0,4373.0,-158.56,-128.73,MATCH,MATCH,103
7935,2,18,5.219557024176336,314.0,322.0,1034.0,1061.0,-203.85,-168.94,MATCH,MATCH,103
7935,3,18,5.219557024176336,1764.0,1811.0,5496.0,5640.0,-63.31,-139.08,MATCH,MATCH,103
7935,4,18,5.219557024176336,166.0,1.0,MATCH,MATCH,-106.12,-0.0,MATCH,MATCH,103
7935,5,18,5.219557024176336,29.0,30.0,MATCH,MATCH,-19.82,-21.67,MATCH,MATCH,103
7936,1,20,28.8807978913188,4540.0,4637.0,14287.0,14592.0,-168.9,-124.13,MATCH,MATCH,103
7936,2,20,28.8807978913188,1672.0,1636.0,5095.0,5136.0,-172.68,-99.9,MATCH,MATCH,103
7936,3,20,28.8807978913188,722.0,632.0,2189.0,1916.0,-66.52,-101.24,MATCH,MATCH,103
7936,4,20,28.8807978913188,221.0,1.0,MATCH,MATCH,-101.31,-0.0,MATCH,MATCH,103
7936,5,20,28.8807978913188,37.0,38.0,MATCH,MATCH,-21.0,-21.25,MATCH,MATCH,103
7937,1,43,12.08567583521958,2661.0,3807.0,8064.0,11537.0,-168.32,-138.44,MATCH,MATCH,103
7937,2,43,12.08567583521958,757.0,771.0,2449.0,2493.0,-179.87,-145.62,MATCH,MATCH,103
7937,3,43,12.08567583521958,669.0,681.0,2079.0,2117.0,-61.43,-128.47,MATCH,MATCH,103
7937,4,43,12.08567583521958,172.0,1.0,MATCH,MATCH,-112.52,-0.0,MATCH,MATCH,103
7937,5,43,12.08567583521958,32.0,33.0,MATCH,MATCH,-19.11,-21.92,MATCH,MATCH,103
7938,1,78,64.2251202809887,444.0,313.0,1378.0,965.0,-173.41,-158.22,MATCH,MATCH,103
7938,2,78,64.2251202809887,489.0,430.0,1525.0,1338.0,-193.84,-155.26,MATCH,MATCH,103
7938,3,78,64.2251202809887,592.0,542.0,1802.0,1648.0,-76.89,-126.36,MATCH,MATCH,103
7938,4,78,64.2251202809887,176.0,1.0,MATCH,MATCH,-102.33,-0.0,MATCH,MATCH,103
7938,5,78,64.2251202809887,36.0,32.0,MATCH,MATCH,-22.79,-24.79,MATCH,MATCH,103
7939,1,49,6.4838350769754545,1442.0,183.0,6595.0,669.0,-165.02,-161.71,MATCH,MATCH,103
7939,2,49,6.4838350769754545,570.0,227.0,1789.0,760.0,-198.71,-160.78,MATCH,MATCH,103
7939,3,49,6.4838350769754545,3116.0,1001.0,10940.0,3450.0,-61.31,-134.98,MATCH,MATCH,103
7939,4,49,6.4838350769754545,270.0,1.0,MATCH,MATCH,-97.37,-0.0,MATCH,MATCH,103
7939,5,49,6.4838350769754545,71.0,30.0,MATCH,MATCH,-20.82,-23.88,MATCH,MATCH,103
7940,1,29,3.9865343445542685,6478.0,7441.0,26370.0,28947.0,-174.8,-154.9,MATCH,MATCH,103
7940,2,29,3.9865343445542685,2198.0,2341.0,14411.0,15352.0,-202.25,-149.9,MATCH,MATCH,103
7940,3,29,3.9865343445542685,3776.0,4023.0,13549.0,14434.0,-16.86,-141.32,MATCH,MATCH,103
7940,4,29,3.9865343445542685,303.0,1.0,MATCH,MATCH,-111.17,-0.0,MATCH,MATCH,103
7940,5,29,3.9865343445542685,36.0,38.0,MATCH,MATCH,-11.15,-15.43,MATCH,MATCH,103
7941,1,29,1.0121483941610645,MATCH,MATCH,MATCH,MATCH,MATCH,MATCH,MATCH,MATCH,0
7941,2,29,1.0121483941610645,14990.0,14551.0,MATCH,MATCH,-273.51,-119.22,MATCH,MATCH,103
7941,3,29,1.0121483941610645,13553.0,13818.0,MATCH,MATCH,-75.52,-139.62,MATCH,MATCH,103
7941,4,29,1.0121483941610645,331.0,1.0,MATCH,MATCH,-143.68,-0.0,MATCH,MATCH,103
7941,5,29,1.0121483941610645,33.0,35.0,MATCH,MATCH,-11.4,-15.0,MATCH,MATCH,103
7942,1,73,1.4225143486863538,MATCH,MATCH,MATCH,MATCH,MATCH,MATCH,MATCH,MATCH,0
7942,2,73,1.4225143486863538,3725.0,3277.0,28573.0,25620.0,-225.34,-141.15,MATCH,MATCH,103
7942,3,73,1.4225143486863538,MATCH,MATCH,MATCH,MATCH,MATCH,MATCH,MATCH,MATCH,0
7942,4,73,1.4225143486863538,363.0,1.0,MATCH,MATCH,-121.71,-0.0,MATCH,MATCH,103
7942,5,73,1.4225143486863538,38.0,37.0,MATCH,MATCH,-11.68,-15.44,MATCH,MATCH,103
7943,1,30,9.80458218595013,9003.0,100000.0,42523.0,100000.0,-250.91,-0.0,MATCH,MATCH,103
7943,2,30,9.80458218595013,2175.0,2131.0,9328.0,9518.0,-286.05,-150.6,MATCH,MATCH,103
7943,3,30,9.80458218595013,2334.0,2412.0,7725.0,8038.0,-52.07,-119.31,MATCH,MATCH,103
7943,4,30,9.80458218595013,222.0,1.0,MATCH,MATCH,-132.82,-0.0,MATCH,MATCH,103
7943,5,30,9.80458218595013,MATCH,MATCH,MATCH,MATCH,-16.42,-16.43,MATCH,MATCH,103
7944,1,47,0.8719444659264867,5785.0,6236.0,41348.0,43910.0,-188.68,-169.85,MATCH,MATCH,103
7944,2,47,0.8719444659264867,1974.0,2021.0,9622.0,9854.0,-192.5,-162.49,MATCH,MATCH,103
7944,3,47,0.8719444659264867,7271.0,7446.0,36182.0,37053.0,-79.03,-153.11,MATCH,MATCH,103
7944,4,47,0.8719444659264867,142.0,1.0,MATCH,MATCH,-111.75,-0.0,MATCH,MATCH,103
7944,5,47,0.8719444659264867,MATCH,MATCH,MATCH,MATCH,-13.05,-15.67,MATCH,MATCH,103
7945,1,59,4.262176717355279,MATCH,MATCH,MATCH,MATCH,MATCH,MATCH,MATCH,MATCH,0
7945,2,59,4.262176717355279,1088.0,1116.0,4320.0,4432.0,-245.47,-170.99,MATCH,MATCH,103
7945,3,59,4.262176717355279,1937.0,1987.0,8734.0,8960.0,-72.6,-132.71,MATCH,MATCH,103
7945,4,59,4.262176717355279,167.0,1.0,MATCH,MATCH,-120.73,-0.0,MATCH,MATCH,103
7945,5,59,4.262176717355279,33.0,34.0,MATCH,MATCH,-17.04,-18.08,MATCH,MATCH,103
