bodem370,bofek79,pawn21,grondsoort4,grondsoort2,source,reference_bofek,differs_from_reference,status
1,18,3,1,1,REALIZED_SVAT_INFO,18,False,QUALIFIED_REALIZED
2,1,1,1,1,REALIZED_SVAT_INFO,1,False,QUALIFIED_REALIZED
3,6,1,1,1,REALIZED_SVAT_INFO,6,False,QUALIFIED_REALIZED
4,6,1,1,1,REALIZED_SVAT_INFO,6,False,QUALIFIED_REALIZED
5,1,1,1,1,REALIZED_SVAT_INFO,1,False,QUALIFIED_REALIZED
6,4,6,1,1,REALIZED_SVAT_INFO,4,False,QUALIFIED_REALIZED
7,17,2,1,1,REALIZED_SVAT_INFO,17,False,QUALIFIED_REALIZED
8,17,2,1,1,REALIZED_SVAT_INFO,17,False,QUALIFIED_REALIZED
9,17,2,1,1,REALIZED_SVAT_INFO,17,False,QUALIFIED_REALIZED
10,10,1,1,1,REALIZED_SVAT_INFO,10,False,QUALIFIED_REALIZED
11,10,1,1,1,REALIZED_SVAT_INFO,10,False,QUALIFIED_REALIZED
12,2,2,1,1,REALIZED_SVAT_INFO,2,False,QUALIFIED_REALIZED
13,2,2,1,1,REALIZED_SVAT_INFO,2,False,QUALIFIED_REALIZED
14,,,,,NONE,2,,UNOBSERVED_IN_REALIZED_POPULATION
15,13,2,1,1,REALIZED_SVAT_INFO,13,False,QUALIFIED_REALIZED
16,18,3,1,1,REALIZED_SVAT_INFO,18,False,QUALIFIED_REALIZED
17,12,3,1,1,REALIZED_SVAT_INFO,12,False,QUALIFIED_REALIZED
18,15,3,1,1,REALIZED_SVAT_INFO,15,False,QUALIFIED_REALIZED
19,12,3,1,1,REALIZED_SVAT_INFO,12,False,QUALIFIED_REALIZED
20,12,3,1,1,REALIZED_SVAT_INFO,12,False,QUALIFIED_REALIZED
21,16,4,1,1,REALIZED_SVAT_INFO,16,False,QUALIFIED_REALIZED
22,18,3,1,1,REALIZED_SVAT_INFO,18,False,QUALIFIED_REALIZED
23,15,3,1,1,REALIZED_SVAT_INFO,15,False,QUALIFIED_REALIZED
24,15,3,1,1,REALIZED_SVAT_INFO,15,False,QUALIFIED_REALIZED
25,18,3,1,1,REALIZED_SVAT_INFO,18,False,QUALIFIED_REALIZED
26,12,3,1,1,REALIZED_SVAT_INFO,12,False,QUALIFIED_REALIZED
27,8,4,1,1,REALIZED_SVAT_INFO,8,False,QUALIFIED_REALIZED
28,16,4,1,1,REALIZED_SVAT_INFO,16,False,QUALIFIED_REALIZED
29,18,3,1,1,REALIZED_SVAT_INFO,18,False,QUALIFIED_REALIZED
30,17,2,1,1,REALIZED_SVAT_INFO,17,False,QUALIFIED_REALIZED
31,5,5,1,1,REALIZED_SVAT_INFO,5,False,QUALIFIED_REALIZED
32,1,1,1,1,REALIZED_SVAT_INFO,1,False,QUALIFIED_REALIZED
33,7,5,1,1,REALIZED_SVAT_INFO,7,False,QUALIFIED_REALIZED
34,14,5,1,1,REALIZED_SVAT_INFO,14,False,QUALIFIED_REALIZED
35,9,18,3,1,REALIZED_SVAT_INFO,9,False,QUALIFIED_REALIZED
36,6,1,1,1,REALIZED_SVAT_INFO,6,False,QUALIFIED_REALIZED
37,6,1,1,1,REALIZED_SVAT_INFO,6,False,QUALIFIED_REALIZED
38,10,1,1,1,REALIZED_SVAT_INFO,10,False,QUALIFIED_REALIZED
39,3,6,1,1,REALIZED_SVAT_INFO,3,False,QUALIFIED_REALIZED
40,2,2,1,1,REALIZED_SVAT_INFO,2,False,QUALIFIED_REALIZED
41,13,2,1,1,REALIZED_SVAT_INFO,13,False,QUALIFIED_REALIZED
42,7,5,1,1,REALIZED_SVAT_INFO,7,False,QUALIFIED_REALIZED
43,5,5,1,1,REALIZED_SVAT_INFO,5,False,QUALIFIED_REALIZED
44,11,5,1,1,REALIZED_SVAT_INFO,11,False,QUALIFIED_REALIZED
45,23,4,1,1,REALIZED_SVAT_INFO,23,False,QUALIFIED_REALIZED
46,22,4,1,1,REALIZED_SVAT_INFO,22,False,QUALIFIED_REALIZED
47,25,2,1,1,REALIZED_SVAT_INFO,25,False,QUALIFIED_REALIZED
48,24,2,1,1,REALIZED_SVAT_INFO,24,False,QUALIFIED_REALIZED
49,19,5,1,1,REALIZED_SVAT_INFO,19,False,QUALIFIED_REALIZED
50,19,5,1,1,REALIZED_SVAT_INFO,19,False,QUALIFIED_REALIZED
51,20,5,1,1,REALIZED_SVAT_INFO,20,False,QUALIFIED_REALIZED
52,20,5,1,1,REALIZED_SVAT_INFO,20,False,QUALIFIED_REALIZED
53,21,6,1,1,REALIZED_SVAT_INFO,21,False,QUALIFIED_REALIZED
54,21,6,1,1,REALIZED_SVAT_INFO,21,False,QUALIFIED_REALIZED
55,21,6,1,1,REALIZED_SVAT_INFO,21,False,QUALIFIED_REALIZED
56,23,4,1,1,REALIZED_SVAT_INFO,23,False,QUALIFIED_REALIZED
57,22,4,1,1,REALIZED_SVAT_INFO,22,False,QUALIFIED_REALIZED
58,19,5,1,1,REALIZED_SVAT_INFO,19,False,QUALIFIED_REALIZED
59,19,5,1,1,REALIZED_SVAT_INFO,19,False,QUALIFIED_REALIZED
60,19,5,1,1,REALIZED_SVAT_INFO,19,False,QUALIFIED_REALIZED
61,24,2,1,1,REALIZED_SVAT_INFO,24,False,QUALIFIED_REALIZED
62,25,2,1,1,REALIZED_SVAT_INFO,25,False,QUALIFIED_REALIZED
63,24,2,1,1,REALIZED_SVAT_INFO,24,False,QUALIFIED_REALIZED
64,25,2,1,1,REALIZED_SVAT_INFO,25,False,QUALIFIED_REALIZED
65,24,2,1,1,REALIZED_SVAT_INFO,24,False,QUALIFIED_REALIZED
66,24,2,1,1,REALIZED_SVAT_INFO,24,False,QUALIFIED_REALIZED
67,34,11,2,2,REALIZED_SVAT_INFO,34,False,QUALIFIED_REALIZED
68,34,11,2,2,REALIZED_SVAT_INFO,34,False,QUALIFIED_REALIZED
69,34,11,2,2,REALIZED_SVAT_INFO,34,False,QUALIFIED_REALIZED
70,46,13,2,2,REALIZED_SVAT_INFO,46,False,QUALIFIED_REALIZED
71,29,13,2,2,REALIZED_SVAT_INFO,29,False,QUALIFIED_REALIZED
72,28,14,2,2,REALIZED_SVAT_INFO,28,False,QUALIFIED_REALIZED
73,32,8,2,2,REALIZED_SVAT_INFO,32,False,QUALIFIED_REALIZED
74,46,13,2,2,REALIZED_SVAT_INFO,46,False,QUALIFIED_REALIZED
75,46,13,2,2,REALIZED_SVAT_INFO,46,False,QUALIFIED_REALIZED
76,31,14,2,2,REALIZED_SVAT_INFO,31,False,QUALIFIED_REALIZED
77,40,9,2,2,REALIZED_SVAT_INFO,40,False,QUALIFIED_REALIZED
78,40,9,2,2,REALIZED_SVAT_INFO,39,True,QUALIFIED_REALIZED
79,39,10,2,2,REALIZED_SVAT_INFO,40,True,QUALIFIED_REALIZED
80,41,13,2,2,REALIZED_SVAT_INFO,41,False,QUALIFIED_REALIZED
81,39,10,2,2,REALIZED_SVAT_INFO,44,True,QUALIFIED_REALIZED
82,44,7,2,2,REALIZED_SVAT_INFO,39,True,QUALIFIED_REALIZED
83,34,11,2,2,REALIZED_SVAT_INFO,34,False,QUALIFIED_REALIZED
84,33,11,2,2,REALIZED_SVAT_INFO,33,False,QUALIFIED_REALIZED
85,48,19,3,1,REALIZED_SVAT_INFO,48,False,QUALIFIED_REALIZED
86,48,19,3,1,REALIZED_SVAT_INFO,48,False,QUALIFIED_REALIZED
87,48,19,3,1,REALIZED_SVAT_INFO,48,False,QUALIFIED_REALIZED
88,46,13,2,2,REALIZED_SVAT_INFO,46,False,QUALIFIED_REALIZED
89,29,13,2,2,REALIZED_SVAT_INFO,29,False,QUALIFIED_REALIZED
90,29,13,2,2,REALIZED_SVAT_INFO,29,False,QUALIFIED_REALIZED
91,29,13,2,2,REALIZED_SVAT_INFO,29,False,QUALIFIED_REALIZED
92,46,13,2,2,REALIZED_SVAT_INFO,46,False,QUALIFIED_REALIZED
93,45,11,2,2,REALIZED_SVAT_INFO,45,False,QUALIFIED_REALIZED
94,31,14,2,2,REALIZED_SVAT_INFO,28,True,QUALIFIED_REALIZED
95,28,14,2,2,REALIZED_SVAT_INFO,31,True,QUALIFIED_REALIZED
96,32,8,2,2,REALIZED_SVAT_INFO,32,False,QUALIFIED_REALIZED
97,32,8,2,2,REALIZED_SVAT_INFO,32,False,QUALIFIED_REALIZED
98,32,8,2,2,REALIZED_SVAT_INFO,32,False,QUALIFIED_REALIZED
99,34,11,2,2,REALIZED_SVAT_INFO,34,False,QUALIFIED_REALIZED
100,33,11,2,2,REALIZED_SVAT_INFO,33,False,QUALIFIED_REALIZED
101,46,13,2,2,REALIZED_SVAT_INFO,46,False,QUALIFIED_REALIZED
102,46,13,2,2,REALIZED_SVAT_INFO,46,False,QUALIFIED_REALIZED
103,46,13,2,2,REALIZED_SVAT_INFO,46,False,QUALIFIED_REALIZED
104,46,13,2,2,REALIZED_SVAT_INFO,46,False,QUALIFIED_REALIZED
105,45,11,2,2,REALIZED_SVAT_INFO,45,False,QUALIFIED_REALIZED
106,44,7,2,2,REALIZED_SVAT_INFO,44,False,QUALIFIED_REALIZED
107,44,7,2,2,REALIZED_SVAT_INFO,44,False,QUALIFIED_REALIZED
108,28,14,2,2,REALIZED_SVAT_INFO,28,False,QUALIFIED_REALIZED
109,32,8,2,2,REALIZED_SVAT_INFO,32,False,QUALIFIED_REALIZED
110,77,21,4,2,REALIZED_SVAT_INFO,77,False,QUALIFIED_REALIZED
111,77,21,4,2,REALIZED_SVAT_INFO,77,False,QUALIFIED_REALIZED
112,79,21,4,2,REALIZED_SVAT_INFO,79,False,QUALIFIED_REALIZED
113,79,21,4,2,REALIZED_SVAT_INFO,79,False,QUALIFIED_REALIZED
114,52,15,3,1,REALIZED_SVAT_INFO,52,False,QUALIFIED_REALIZED
115,32,8,2,2,REALIZED_SVAT_INFO,32,False,QUALIFIED_REALIZED
116,37,12,2,2,REALIZED_SVAT_INFO,37,False,QUALIFIED_REALIZED
117,38,12,2,2,REALIZED_SVAT_INFO,38,False,QUALIFIED_REALIZED
118,30,12,2,2,REALIZED_SVAT_INFO,30,False,QUALIFIED_REALIZED
119,46,13,2,2,REALIZED_SVAT_INFO,46,False,QUALIFIED_REALIZED
120,46,13,2,2,REALIZED_SVAT_INFO,46,False,QUALIFIED_REALIZED
121,37,12,2,2,REALIZED_SVAT_INFO,37,False,QUALIFIED_REALIZED
122,30,12,2,2,REALIZED_SVAT_INFO,30,False,QUALIFIED_REALIZED
123,30,12,2,2,REALIZED_SVAT_INFO,30,False,QUALIFIED_REALIZED
124,43,12,2,2,REALIZED_SVAT_INFO,43,False,QUALIFIED_REALIZED
125,31,14,2,2,REALIZED_SVAT_INFO,31,False,QUALIFIED_REALIZED
126,37,12,2,2,REALIZED_SVAT_INFO,37,False,QUALIFIED_REALIZED
127,37,12,2,2,REALIZED_SVAT_INFO,37,False,QUALIFIED_REALIZED
128,37,12,2,2,REALIZED_SVAT_INFO,37,False,QUALIFIED_REALIZED
129,40,9,2,2,REALIZED_SVAT_INFO,40,False,QUALIFIED_REALIZED
130,30,12,2,2,REALIZED_SVAT_INFO,30,False,QUALIFIED_REALIZED
131,30,12,2,2,REALIZED_SVAT_INFO,30,False,QUALIFIED_REALIZED
132,46,13,2,2,REALIZED_SVAT_INFO,46,False,QUALIFIED_REALIZED
133,30,12,2,2,REALIZED_SVAT_INFO,30,False,QUALIFIED_REALIZED
134,30,12,2,2,REALIZED_SVAT_INFO,30,False,QUALIFIED_REALIZED
135,43,12,2,2,REALIZED_SVAT_INFO,43,False,QUALIFIED_REALIZED
136,31,14,2,2,REALIZED_SVAT_INFO,31,False,QUALIFIED_REALIZED
137,38,12,2,2,REALIZED_SVAT_INFO,38,False,QUALIFIED_REALIZED
138,71,15,3,1,REALIZED_SVAT_INFO,71,False,QUALIFIED_REALIZED
139,78,21,4,2,REALIZED_SVAT_INFO,78,False,QUALIFIED_REALIZED
140,40,9,2,2,REALIZED_SVAT_INFO,40,False,QUALIFIED_REALIZED
141,40,9,2,2,REALIZED_SVAT_INFO,40,False,QUALIFIED_REALIZED
142,,,,,NONE,34,,UNOBSERVED_IN_REALIZED_POPULATION
143,,,,,NONE,32,,UNOBSERVED_IN_REALIZED_POPULATION
144,38,12,2,2,REALIZED_SVAT_INFO,38,False,QUALIFIED_REALIZED
145,48,19,3,1,REALIZED_SVAT_INFO,48,False,QUALIFIED_REALIZED
146,46,13,2,2,REALIZED_SVAT_INFO,46,False,QUALIFIED_REALIZED
147,46,13,2,2,REALIZED_SVAT_INFO,41,True,QUALIFIED_REALIZED
148,41,13,2,2,REALIZED_SVAT_INFO,46,True,QUALIFIED_REALIZED
149,41,13,2,2,REALIZED_SVAT_INFO,41,False,QUALIFIED_REALIZED
150,46,13,2,2,REALIZED_SVAT_INFO,46,False,QUALIFIED_REALIZED
151,45,11,2,2,REALIZED_SVAT_INFO,45,False,QUALIFIED_REALIZED
152,29,13,2,2,REALIZED_SVAT_INFO,29,False,QUALIFIED_REALIZED
153,29,13,2,2,REALIZED_SVAT_INFO,29,False,QUALIFIED_REALIZED
154,45,11,2,2,REALIZED_SVAT_INFO,45,False,QUALIFIED_REALIZED
155,27,19,3,1,REALIZED_SVAT_INFO,27,False,QUALIFIED_REALIZED
156,27,19,3,1,REALIZED_SVAT_INFO,27,False,QUALIFIED_REALIZED
157,27,19,3,1,REALIZED_SVAT_INFO,27,False,QUALIFIED_REALIZED
158,42,14,2,2,REALIZED_SVAT_INFO,42,False,QUALIFIED_REALIZED
159,40,9,2,2,REALIZED_SVAT_INFO,40,False,QUALIFIED_REALIZED
160,40,9,2,2,REALIZED_SVAT_INFO,40,False,QUALIFIED_REALIZED
161,33,11,2,2,REALIZED_SVAT_INFO,33,False,QUALIFIED_REALIZED
162,48,19,3,1,REALIZED_SVAT_INFO,48,False,QUALIFIED_REALIZED
163,27,19,3,1,REALIZED_SVAT_INFO,27,False,QUALIFIED_REALIZED
164,29,13,2,2,REALIZED_SVAT_INFO,29,False,QUALIFIED_REALIZED
165,41,13,2,2,REALIZED_SVAT_INFO,41,False,QUALIFIED_REALIZED
166,46,13,2,2,REALIZED_SVAT_INFO,46,False,QUALIFIED_REALIZED
167,45,11,2,2,REALIZED_SVAT_INFO,45,False,QUALIFIED_REALIZED
168,31,14,2,2,REALIZED_SVAT_INFO,31,False,QUALIFIED_REALIZED
169,44,7,2,2,REALIZED_SVAT_INFO,44,False,QUALIFIED_REALIZED
170,44,7,2,2,REALIZED_SVAT_INFO,39,True,QUALIFIED_REALIZED
171,39,10,2,2,REALIZED_SVAT_INFO,44,True,QUALIFIED_REALIZED
172,44,7,2,2,REALIZED_SVAT_INFO,44,False,QUALIFIED_REALIZED
173,36,19,3,1,REALIZED_SVAT_INFO,36,False,QUALIFIED_REALIZED
174,35,20,3,1,REALIZED_SVAT_INFO,35,False,QUALIFIED_REALIZED
175,36,19,3,1,REALIZED_SVAT_INFO,36,False,QUALIFIED_REALIZED
176,29,13,2,2,REALIZED_SVAT_INFO,29,False,QUALIFIED_REALIZED
177,45,11,2,2,REALIZED_SVAT_INFO,45,False,QUALIFIED_REALIZED
178,41,13,2,2,REALIZED_SVAT_INFO,41,False,QUALIFIED_REALIZED
179,40,9,2,2,REALIZED_SVAT_INFO,40,False,QUALIFIED_REALIZED
180,47,19,3,1,REALIZED_SVAT_INFO,47,False,QUALIFIED_REALIZED
181,36,19,3,1,REALIZED_SVAT_INFO,36,False,QUALIFIED_REALIZED
182,31,14,2,2,REALIZED_SVAT_INFO,31,False,QUALIFIED_REALIZED
183,44,7,2,2,REALIZED_SVAT_INFO,44,False,QUALIFIED_REALIZED
184,44,7,2,2,REALIZED_SVAT_INFO,44,False,QUALIFIED_REALIZED
185,44,7,2,2,REALIZED_SVAT_INFO,44,False,QUALIFIED_REALIZED
186,44,7,2,2,REALIZED_SVAT_INFO,44,False,QUALIFIED_REALIZED
187,28,14,2,2,REALIZED_SVAT_INFO,28,False,QUALIFIED_REALIZED
188,39,10,2,2,REALIZED_SVAT_INFO,39,False,QUALIFIED_REALIZED
189,29,13,2,2,REALIZED_SVAT_INFO,29,False,QUALIFIED_REALIZED
190,29,13,2,2,REALIZED_SVAT_INFO,29,False,QUALIFIED_REALIZED
191,41,13,2,2,REALIZED_SVAT_INFO,41,False,QUALIFIED_REALIZED
192,31,14,2,2,REALIZED_SVAT_INFO,31,False,QUALIFIED_REALIZED
193,39,10,2,2,REALIZED_SVAT_INFO,39,False,QUALIFIED_REALIZED
194,30,12,2,2,REALIZED_SVAT_INFO,30,False,QUALIFIED_REALIZED
195,26,7,2,2,REALIZED_SVAT_INFO,26,False,QUALIFIED_REALIZED
196,27,19,3,1,REALIZED_SVAT_INFO,27,False,QUALIFIED_REALIZED
197,,,,,NONE,27,,UNOBSERVED_IN_REALIZED_POPULATION
198,,,,,NONE,48,,UNOBSERVED_IN_REALIZED_POPULATION
199,34,11,2,2,REALIZED_SVAT_INFO,34,False,QUALIFIED_REALIZED
200,34,11,2,2,REALIZED_SVAT_INFO,34,False,QUALIFIED_REALIZED
201,40,9,2,2,REALIZED_SVAT_INFO,40,False,QUALIFIED_REALIZED
202,44,7,2,2,REALIZED_SVAT_INFO,44,False,QUALIFIED_REALIZED
203,45,11,2,2,REALIZED_SVAT_INFO,45,False,QUALIFIED_REALIZED
204,28,14,2,2,REALIZED_SVAT_INFO,28,False,QUALIFIED_REALIZED
205,28,14,2,2,REALIZED_SVAT_INFO,28,False,QUALIFIED_REALIZED
206,44,7,2,2,REALIZED_SVAT_INFO,44,False,QUALIFIED_REALIZED
207,44,7,2,2,REALIZED_SVAT_INFO,44,False,QUALIFIED_REALIZED
208,29,13,2,2,REALIZED_SVAT_INFO,29,False,QUALIFIED_REALIZED
209,46,13,2,2,REALIZED_SVAT_INFO,46,False,QUALIFIED_REALIZED
210,27,19,3,1,REALIZED_SVAT_INFO,27,False,QUALIFIED_REALIZED
211,70,19,3,1,REALIZED_SVAT_INFO,70,False,QUALIFIED_REALIZED
212,66,15,3,1,REALIZED_SVAT_INFO,66,False,QUALIFIED_REALIZED
213,60,19,3,1,REALIZED_SVAT_INFO,60,False,QUALIFIED_REALIZED
214,62,16,3,1,REALIZED_SVAT_INFO,62,False,QUALIFIED_REALIZED
215,64,18,3,1,REALIZED_SVAT_INFO,64,False,QUALIFIED_REALIZED
216,50,18,3,1,REALIZED_SVAT_INFO,50,False,QUALIFIED_REALIZED
217,62,16,3,1,REALIZED_SVAT_INFO,62,False,QUALIFIED_REALIZED
218,55,16,3,1,REALIZED_SVAT_INFO,55,False,QUALIFIED_REALIZED
219,69,17,3,1,REALIZED_SVAT_INFO,69,False,QUALIFIED_REALIZED
220,66,15,3,1,REALIZED_SVAT_INFO,66,False,QUALIFIED_REALIZED
221,66,15,3,1,REALIZED_SVAT_INFO,66,False,QUALIFIED_REALIZED
222,57,19,3,1,REALIZED_SVAT_INFO,57,False,QUALIFIED_REALIZED
223,51,16,3,1,REALIZED_SVAT_INFO,51,False,QUALIFIED_REALIZED
224,51,16,3,1,REALIZED_SVAT_INFO,51,False,QUALIFIED_REALIZED
225,51,16,3,1,REALIZED_SVAT_INFO,51,False,QUALIFIED_REALIZED
226,53,18,3,1,REALIZED_SVAT_INFO,53,False,QUALIFIED_REALIZED
227,66,15,3,1,REALIZED_SVAT_INFO,66,False,QUALIFIED_REALIZED
228,55,16,3,1,REALIZED_SVAT_INFO,55,False,QUALIFIED_REALIZED
229,54,18,3,1,REALIZED_SVAT_INFO,54,False,QUALIFIED_REALIZED
230,64,18,3,1,REALIZED_SVAT_INFO,64,False,QUALIFIED_REALIZED
231,62,16,3,1,REALIZED_SVAT_INFO,62,False,QUALIFIED_REALIZED
232,50,18,3,1,REALIZED_SVAT_INFO,50,False,QUALIFIED_REALIZED
233,64,18,3,1,REALIZED_SVAT_INFO,64,False,QUALIFIED_REALIZED
234,50,18,3,1,REALIZED_SVAT_INFO,50,False,QUALIFIED_REALIZED
235,63,17,3,1,REALIZED_SVAT_INFO,63,False,QUALIFIED_REALIZED
236,63,17,3,1,REALIZED_SVAT_INFO,63,False,QUALIFIED_REALIZED
237,71,15,3,1,REALIZED_SVAT_INFO,71,False,QUALIFIED_REALIZED
238,62,16,3,1,REALIZED_SVAT_INFO,62,False,QUALIFIED_REALIZED
239,55,16,3,1,REALIZED_SVAT_INFO,55,False,QUALIFIED_REALIZED
240,55,16,3,1,REALIZED_SVAT_INFO,55,False,QUALIFIED_REALIZED
241,57,19,3,1,REALIZED_SVAT_INFO,57,False,QUALIFIED_REALIZED
242,72,19,3,1,REALIZED_SVAT_INFO,72,False,QUALIFIED_REALIZED
243,72,19,3,1,REALIZED_SVAT_INFO,72,False,QUALIFIED_REALIZED
244,72,19,3,1,REALIZED_SVAT_INFO,72,False,QUALIFIED_REALIZED
245,60,19,3,1,REALIZED_SVAT_INFO,60,False,QUALIFIED_REALIZED
246,60,19,3,1,REALIZED_SVAT_INFO,60,False,QUALIFIED_REALIZED
247,67,15,3,1,REALIZED_SVAT_INFO,67,False,QUALIFIED_REALIZED
248,71,15,3,1,REALIZED_SVAT_INFO,71,False,QUALIFIED_REALIZED
249,70,19,3,1,REALIZED_SVAT_INFO,70,False,QUALIFIED_REALIZED
250,52,15,3,1,REALIZED_SVAT_INFO,52,False,QUALIFIED_REALIZED
251,59,15,3,1,REALIZED_SVAT_INFO,59,False,QUALIFIED_REALIZED
252,67,15,3,1,REALIZED_SVAT_INFO,67,False,QUALIFIED_REALIZED
253,66,15,3,1,REALIZED_SVAT_INFO,66,False,QUALIFIED_REALIZED
254,66,15,3,1,REALIZED_SVAT_INFO,66,False,QUALIFIED_REALIZED
255,68,19,3,1,REALIZED_SVAT_INFO,68,False,QUALIFIED_REALIZED
256,59,15,3,1,REALIZED_SVAT_INFO,59,False,QUALIFIED_REALIZED
257,59,15,3,1,REALIZED_SVAT_INFO,59,False,QUALIFIED_REALIZED
258,66,15,3,1,REALIZED_SVAT_INFO,66,False,QUALIFIED_REALIZED
259,64,18,3,1,REALIZED_SVAT_INFO,64,False,QUALIFIED_REALIZED
260,66,15,3,1,REALIZED_SVAT_INFO,66,False,QUALIFIED_REALIZED
261,62,16,3,1,REALIZED_SVAT_INFO,62,False,QUALIFIED_REALIZED
262,62,16,3,1,REALIZED_SVAT_INFO,62,False,QUALIFIED_REALIZED
263,62,16,3,1,REALIZED_SVAT_INFO,62,False,QUALIFIED_REALIZED
264,51,16,3,1,REALIZED_SVAT_INFO,51,False,QUALIFIED_REALIZED
265,62,16,3,1,REALIZED_SVAT_INFO,62,False,QUALIFIED_REALIZED
266,62,16,3,1,REALIZED_SVAT_INFO,62,False,QUALIFIED_REALIZED
267,50,18,3,1,REALIZED_SVAT_INFO,50,False,QUALIFIED_REALIZED
268,55,16,3,1,REALIZED_SVAT_INFO,55,False,QUALIFIED_REALIZED
269,56,17,3,1,REALIZED_SVAT_INFO,56,False,QUALIFIED_REALIZED
270,72,19,3,1,REALIZED_SVAT_INFO,72,False,QUALIFIED_REALIZED
271,60,19,3,1,REALIZED_SVAT_INFO,60,False,QUALIFIED_REALIZED
272,60,19,3,1,REALIZED_SVAT_INFO,60,False,QUALIFIED_REALIZED
273,64,18,3,1,REALIZED_SVAT_INFO,64,False,QUALIFIED_REALIZED
274,55,16,3,1,REALIZED_SVAT_INFO,55,False,QUALIFIED_REALIZED
275,69,17,3,1,REALIZED_SVAT_INFO,69,False,QUALIFIED_REALIZED
276,63,17,3,1,REALIZED_SVAT_INFO,63,False,QUALIFIED_REALIZED
277,63,17,3,1,REALIZED_SVAT_INFO,63,False,QUALIFIED_REALIZED
278,67,15,3,1,REALIZED_SVAT_INFO,67,False,QUALIFIED_REALIZED
279,67,15,3,1,REALIZED_SVAT_INFO,67,False,QUALIFIED_REALIZED
280,59,15,3,1,REALIZED_SVAT_INFO,59,False,QUALIFIED_REALIZED
281,67,15,3,1,REALIZED_SVAT_INFO,67,False,QUALIFIED_REALIZED
282,59,15,3,1,REALIZED_SVAT_INFO,59,False,QUALIFIED_REALIZED
283,59,15,3,1,REALIZED_SVAT_INFO,59,False,QUALIFIED_REALIZED
284,59,15,3,1,REALIZED_SVAT_INFO,59,False,QUALIFIED_REALIZED
285,55,16,3,1,REALIZED_SVAT_INFO,55,False,QUALIFIED_REALIZED
286,53,18,3,1,REALIZED_SVAT_INFO,53,False,QUALIFIED_REALIZED
287,53,18,3,1,REALIZED_SVAT_INFO,53,False,QUALIFIED_REALIZED
288,64,18,3,1,REALIZED_SVAT_INFO,64,False,QUALIFIED_REALIZED
289,57,19,3,1,REALIZED_SVAT_INFO,57,False,QUALIFIED_REALIZED
290,55,16,3,1,REALIZED_SVAT_INFO,55,False,QUALIFIED_REALIZED
291,50,18,3,1,REALIZED_SVAT_INFO,50,False,QUALIFIED_REALIZED
292,56,17,3,1,REALIZED_SVAT_INFO,56,False,QUALIFIED_REALIZED
293,55,16,3,1,REALIZED_SVAT_INFO,55,False,QUALIFIED_REALIZED
294,69,17,3,1,REALIZED_SVAT_INFO,69,False,QUALIFIED_REALIZED
295,50,18,3,1,REALIZED_SVAT_INFO,50,False,QUALIFIED_REALIZED
296,50,18,3,1,REALIZED_SVAT_INFO,50,False,QUALIFIED_REALIZED
297,67,15,3,1,REALIZED_SVAT_INFO,67,False,QUALIFIED_REALIZED
298,67,15,3,1,REALIZED_SVAT_INFO,67,False,QUALIFIED_REALIZED
299,59,15,3,1,REALIZED_SVAT_INFO,59,False,QUALIFIED_REALIZED
300,59,15,3,1,REALIZED_SVAT_INFO,59,False,QUALIFIED_REALIZED
301,62,16,3,1,REALIZED_SVAT_INFO,62,False,QUALIFIED_REALIZED
302,49,17,3,1,REALIZED_SVAT_INFO,49,False,QUALIFIED_REALIZED
303,62,16,3,1,REALIZED_SVAT_INFO,62,False,QUALIFIED_REALIZED
304,49,17,3,1,REALIZED_SVAT_INFO,49,False,QUALIFIED_REALIZED
305,69,17,3,1,REALIZED_SVAT_INFO,69,False,QUALIFIED_REALIZED
306,56,17,3,1,REALIZED_SVAT_INFO,56,False,QUALIFIED_REALIZED
307,69,17,3,1,REALIZED_SVAT_INFO,69,False,QUALIFIED_REALIZED
308,55,16,3,1,REALIZED_SVAT_INFO,55,False,QUALIFIED_REALIZED
309,58,17,3,1,REALIZED_SVAT_INFO,58,False,QUALIFIED_REALIZED
310,64,18,3,1,REALIZED_SVAT_INFO,64,False,QUALIFIED_REALIZED
311,57,19,3,1,REALIZED_SVAT_INFO,57,False,QUALIFIED_REALIZED
312,50,18,3,1,REALIZED_SVAT_INFO,50,False,QUALIFIED_REALIZED
313,63,17,3,1,REALIZED_SVAT_INFO,63,False,QUALIFIED_REALIZED
314,70,19,3,1,REALIZED_SVAT_INFO,70,False,QUALIFIED_REALIZED
315,70,19,3,1,REALIZED_SVAT_INFO,70,False,QUALIFIED_REALIZED
316,63,17,3,1,REALIZED_SVAT_INFO,63,False,QUALIFIED_REALIZED
317,63,17,3,1,REALIZED_SVAT_INFO,63,False,QUALIFIED_REALIZED
318,63,17,3,1,REALIZED_SVAT_INFO,63,False,QUALIFIED_REALIZED
319,58,17,3,1,REALIZED_SVAT_INFO,58,False,QUALIFIED_REALIZED
320,52,15,3,1,REALIZED_SVAT_INFO,52,False,QUALIFIED_REALIZED
321,52,15,3,1,REALIZED_SVAT_INFO,52,False,QUALIFIED_REALIZED
322,64,18,3,1,REALIZED_SVAT_INFO,64,False,QUALIFIED_REALIZED
323,64,18,3,1,REALIZED_SVAT_INFO,64,False,QUALIFIED_REALIZED
324,72,19,3,1,REALIZED_SVAT_INFO,72,False,QUALIFIED_REALIZED
325,72,19,3,1,REALIZED_SVAT_INFO,72,False,QUALIFIED_REALIZED
326,70,19,3,1,REALIZED_SVAT_INFO,70,False,QUALIFIED_REALIZED
327,59,15,3,1,REALIZED_SVAT_INFO,59,False,QUALIFIED_REALIZED
328,63,17,3,1,REALIZED_SVAT_INFO,63,False,QUALIFIED_REALIZED
329,72,19,3,1,REALIZED_SVAT_INFO,72,False,QUALIFIED_REALIZED
330,49,17,3,1,REALIZED_SVAT_INFO,49,False,QUALIFIED_REALIZED
331,58,17,3,1,REALIZED_SVAT_INFO,58,False,QUALIFIED_REALIZED
332,56,17,3,1,REALIZED_SVAT_INFO,56,False,QUALIFIED_REALIZED
333,56,17,3,1,REALIZED_SVAT_INFO,56,False,QUALIFIED_REALIZED
334,55,16,3,1,REALIZED_SVAT_INFO,55,False,QUALIFIED_REALIZED
335,63,17,3,1,REALIZED_SVAT_INFO,63,False,QUALIFIED_REALIZED
336,63,17,3,1,REALIZED_SVAT_INFO,63,False,QUALIFIED_REALIZED
337,63,17,3,1,REALIZED_SVAT_INFO,63,False,QUALIFIED_REALIZED
338,52,15,3,1,REALIZED_SVAT_INFO,52,False,QUALIFIED_REALIZED
339,52,15,3,1,REALIZED_SVAT_INFO,52,False,QUALIFIED_REALIZED
340,64,18,3,1,REALIZED_SVAT_INFO,64,False,QUALIFIED_REALIZED
341,64,18,3,1,REALIZED_SVAT_INFO,64,False,QUALIFIED_REALIZED
342,67,15,3,1,REALIZED_SVAT_INFO,67,False,QUALIFIED_REALIZED
343,67,15,3,1,REALIZED_SVAT_INFO,67,False,QUALIFIED_REALIZED
344,66,15,3,1,REALIZED_SVAT_INFO,66,False,QUALIFIED_REALIZED
345,66,15,3,1,REALIZED_SVAT_INFO,66,False,QUALIFIED_REALIZED
346,67,15,3,1,REALIZED_SVAT_INFO,67,False,QUALIFIED_REALIZED
347,67,15,3,1,REALIZED_SVAT_INFO,67,False,QUALIFIED_REALIZED
348,68,19,3,1,REALIZED_SVAT_INFO,68,False,QUALIFIED_REALIZED
349,68,19,3,1,REALIZED_SVAT_INFO,68,False,QUALIFIED_REALIZED
350,71,15,3,1,REALIZED_SVAT_INFO,71,False,QUALIFIED_REALIZED
351,65,20,3,1,REALIZED_SVAT_INFO,65,False,QUALIFIED_REALIZED
352,68,19,3,1,REALIZED_SVAT_INFO,68,False,QUALIFIED_REALIZED
353,61,20,3,1,REALIZED_SVAT_INFO,61,False,QUALIFIED_REALIZED
354,51,16,3,1,REALIZED_SVAT_INFO,51,False,QUALIFIED_REALIZED
355,60,19,3,1,REALIZED_SVAT_INFO,60,False,QUALIFIED_REALIZED
356,57,19,3,1,REALIZED_SVAT_INFO,57,False,QUALIFIED_REALIZED
357,65,20,3,1,REALIZED_SVAT_INFO,65,False,QUALIFIED_REALIZED
358,64,18,3,1,REALIZED_SVAT_INFO,64,False,QUALIFIED_REALIZED
359,61,20,3,1,REALIZED_SVAT_INFO,61,False,QUALIFIED_REALIZED
360,76,21,4,2,REALIZED_SVAT_INFO,76,False,QUALIFIED_REALIZED
361,76,21,4,2,REALIZED_SVAT_INFO,76,False,QUALIFIED_REALIZED
362,76,21,4,2,REALIZED_SVAT_INFO,76,False,QUALIFIED_REALIZED
363,76,21,4,2,REALIZED_SVAT_INFO,76,False,QUALIFIED_REALIZED
364,76,21,4,2,REALIZED_SVAT_INFO,76,False,QUALIFIED_REALIZED
365,79,21,4,2,REALIZED_SVAT_INFO,79,False,QUALIFIED_REALIZED
366,79,21,4,2,REALIZED_SVAT_INFO,79,False,QUALIFIED_REALIZED
367,79,21,4,2,REALIZED_SVAT_INFO,79,False,QUALIFIED_REALIZED
368,73,15,3,1,REALIZED_SVAT_INFO,73,False,QUALIFIED_REALIZED
369,75,15,3,1,REALIZED_SVAT_INFO,75,False,QUALIFIED_REALIZED
370,74,21,4,2,REALIZED_SVAT_INFO,74,False,QUALIFIED_REALIZED
